{
  "response": {
    "header": {
      "resultCode": "00",
      "resultMsg": "NORMAL_SERVICE"
    },
    "body": {
      "dataType": "JSON",
      "items": {
        "item": [
          { "baseDate": "20240512", "baseTime": "1400", "category": "T1H", "nx": 60, "ny": 127, "obsrValue": "22" },
          { "baseDate": "20240512", "baseTime": "1400", "category": "REH", "nx": 60, "ny": 127, "obsrValue": "55" },
          { "baseDate": "20240512", "baseTime": "1400", "category": "WSD", "nx": 60, "ny": 127, "obsrValue": "2.5" },
          { "baseDate": "20240512", "baseTime": "1400", "category": "VEC", "nx": 60, "ny": 127, "obsrValue": "220" },
          { "baseDate": "20240512", "baseTime": "1400", "category": "SKY", "nx": 60, "ny": 127, "obsrValue": "1" },
          { "baseDate": "20240512", "baseTime": "1400", "category": "PTY", "nx": 60, "ny": 127, "obsrValue": "0" },
          { "baseDate": "20240512", "baseTime": "1400", "category": "RN1", "nx": 60, "ny": 127, "obsrValue": "0" }
        ]
      }
    }
  }
}
