{
  "response": {
    "header": {
      "resultCode": "00",
      "resultMsg": "NORMAL_SERVICE"
    },
    "body": {
      "dataType": "JSON",
      "items": {
        "item": [
          { "baseDate": "20240512", "baseTime": "1400", "category": "TMP", "fcstDate": "20240512", "fcstTime": "1500", "fcstValue": "23", "nx": 60, "ny": 127 },
          { "baseDate": "20240512", "baseTime": "1400", "category": "POP", "fcstDate": "20240512", "fcstTime": "1500", "fcstValue": "30", "nx": 60, "ny": 127 },
          { "baseDate": "20240512", "baseTime": "1400", "category": "SKY", "fcstDate": "20240512", "fcstTime": "1500", "fcstValue": "1", "nx": 60, "ny": 127 },
          { "baseDate": "20240512", "baseTime": "1400", "category": "PTY", "fcstDate": "20240512", "fcstTime": "1500", "fcstValue": "0", "nx": 60, "ny": 127 },
          { "baseDate": "20240512", "baseTime": "1400", "category": "PCP", "fcstDate": "20240512", "fcstTime": "1500", "fcstValue": "0", "nx": 60, "ny": 127 },

          { "baseDate": "20240512", "baseTime": "1400", "category": "TMP", "fcstDate": "20240512", "fcstTime": "1800", "fcstValue": "21", "nx": 60, "ny": 127 },
          { "baseDate": "20240512", "baseTime": "1400", "category": "POP", "fcstDate": "20240512", "fcstTime": "1800", "fcstValue": "50", "nx": 60, "ny": 127 },
          { "baseDate": "20240512", "baseTime": "1400", "category": "SKY", "fcstDate": "20240512", "fcstTime": "1800", "fcstValue": "4", "nx": 60, "ny": 127 },
          { "baseDate": "20240512", "baseTime": "1400", "category": "PTY", "fcstDate": "20240512", "fcstTime": "1800", "fcstValue": "1", "nx": 60, "ny": 127 },
          { "baseDate": "20240512", "baseTime": "1400", "category": "PCP", "fcstDate": "20240512", "fcstTime": "1800", "fcstValue": "1", "nx": 60, "ny": 127 },

          { "baseDate": "20240512", "baseTime": "1400", "category": "TMN", "fcstDate": "20240513", "fcstTime": "0600", "fcstValue": "17", "nx": 60, "ny": 127 },
          { "baseDate": "20240512", "baseTime": "1400", "category": "TMX", "fcstDate": "20240513", "fcstTime": "1500", "fcstValue": "26", "nx": 60, "ny": 127 }
        ]
      }
    }
  }
}
